path,title
/scp-series-9-tales-edition,scp-series-9-tales-edition - Tales associated with SCPs of this Series.
/scp-8000,SCP-8000 - The Seal of Approval
/scp-8001,SCP-8001 - The Edge of the World
/scp-8002,SCP-8002 - Maslov's Fire
/scp-8003,SCP-8003 - THE GEARS OF TIME
/scp-8004,SCP-8004 - The Life and Death of Vincent Bohart
/scp-8005,SCP-8005 - The Fool
/scp-8006,SCP-8006 - Debris on the Tracks
/scp-8007,SCP-8007 - THE PYROCLASM PROTOCOL
/scp-8008,SCP-8008 - Time Pervert
/scp-8009,SCP-8009 - Her Red Right Hand Protects Us
/scp-8010,SCP-8010 - Mom and Dad
/scp-8011,"SCP-8011 - In Flesh, Tasted"
/scp-8012,SCP-8012 - The Hero's Journey (Ft. Wigglebert the Great)
/scp-8013,SCP-8013 - The Dragon is not a Metaphor for Capitalism
/scp-8014,SCP-8014 - Roma Addenda Est
/scp-8015,SCP-8015 - A Fighting Chance
/scp-8016,SCP-8016 - Gods You Be
/scp-8017,SCP-8017 - Sentience
/scp-8018,SCP-8018 - While You Were Dreaming I Was Turning The Sky
/scp-8019,SCP-8019 - Bear Danger
/scp-8020,SCP-8020 - FALSE IDOL
/scp-8021,SCP-8021 - Life in a Snapshot
/scp-8022,"SCP-8022 - Build Your Dreams, One Brick at a Time."
/scp-8023,SCP-8023 - Secrets in the Dark and City of the Accursed
/scp-8024,SCP-8024 - Typhon
/scp-8025,SCP-8025 - COSMIC COMMANDMENTS
/scp-8026,SCP-8026 - And I'm No Dreamer
/scp-8027,SCP-8027 - The 27 Club
/scp-8028,SCP-8028 - Into The Woods
/scp-8029,SCP-8029 - The Thousand-Year-Old Island That Got Up And Disappeared.
/scp-8030,SCP-8030 - Our Holy Magic
/scp-8031,SCP-8031 - Teat
/scp-8032,SCP-8032 - Dunce
/scp-8033,SCP-8033 - Chronesthesia
/scp-8034,SCP-8034 - A Tongue in the Glovebox
/scp-8035,SCP-8035 - I Have Seen What The Darkness Does
/scp-8036,SCP-8036 - I Love the Theater
/scp-8037,SCP-8037 - Botanical Rhapsody
/scp-8038,SCP-8038 - Stuck in a Cocoon
/scp-8039,SCP-8039 - Deluxe Containment Package
/scp-8040,SCP-8040 - Diviner's Mug
/scp-8041,SCP-8041 - Supreme Nothing
/scp-8042,SCP-8042 - Those Damn Weathermen!
/scp-8043,SCP-8043 - On and On and On and On
/scp-8044,SCP-8044 - My Starling Angel
/scp-8045,SCP-8045 - Fairly Frivolous Fairies
/scp-8046,SCP-8046 - A Bedroom Without A House
/scp-8047,"SCP-8047 - Writhing, Squirming, Living"
/scp-8048,SCP-8048 - It's Really Not About You
/scp-8049,SCP-8049 - CORPSEBALL: THE PANDORA TOURNAMENT ARC (EPISODE I: PILOT)
/scp-8050,VNP-8050 - One to Rule Them All
/scp-8051,SCP-8051 - House of Cotton
/scp-8052,SCP-8052 - The Flavor Out Of Space
/scp-8053,SCP-8053 - Fish Fries
/scp-8054,SCP-8054 - Lingua Veritas
/scp-8055,SCP-8055 - I had a bad dream
/scp-8056,SCP-8056 - The Far Fall
/scp-8057,SCP-8057 - Möbius Strip
/scp-8058,"SCP-8058 - 2,600,000 Batteries"
/scp-8059,SCP-8059 - IBM Chronoscope
/scp-8060,SCP-8060 - Toontown
/scp-8061,SCP-8061 - Seriously… don't try this at home…
/scp-8062,"SCP-8062 - BSB1, The Teleportation Device."
/scp-8063,SCP-8063 - the mini mountain robot
/scp-8064,SCP-8064 - Retailer.
/scp-8065,SCP-8065 - K-Class Scenario: The Movie!
/scp-8066,SCP-8066 - Phobophobia: The Only Thing to Fear
/scp-8067,SCP-8067 - The Fightmare
/scp-8068,SCP-8068 - SkinPeeler
/scp-8069,SCP-8069 - Pig Clock
/scp-8070,SCP-8070 - Stereoisomerism
/scp-8071,SCP-8071 - Leave Me In Misery
/scp-8072,"SCP-8072 - ""le Brave des Braves"""
/scp-8073,SCP-8073 - Hinkypunk
/scp-8074,SCP-8074 - Vermin
/scp-8075,SCP-8075 - Small Mercies
/scp-8076,SCP-8076 - Awan
/scp-8077,SCP-8077 - Spitfire
/scp-8078,SCP-8078 - The Perilous People Pleaser
/scp-8079,SCP-8079 - Rejected Reality
/scp-8080,SCP-8080 - Eleanor Ellory Goes To Therapy
/scp-8081,SCP-8081 - The 80's Cycle
/scp-8082,SCP-8082 - The Wild Hunt
/scp-8083,SCP-8083 - Targeted Data Stream
/scp-8084,SCP-8084 - NUCLEOMITOPHOBIA: COMPLETE CULTURAL VICTORY
/scp-8085,SCP-8085 - It has always been natural
/scp-8086,SCP-8086 - Lilly's Adventure
/scp-8087,SCP-8087 - The Legend of the Huckmucker
/scp-8088,SCP-8088 - Still Within Bounds
/scp-8089,"SCP-8089 - No one in the world ever gets what they want, and that is Beautiful"
/scp-8090,SCP-8090 - PROFANITY / PROVIDENCE / PURGATORY
/scp-8091,SCP-8091 - Pyrophobia: Burn With Me
/scp-8092,SCP-8092 - The Disposable Mind of Foxlot Greaze
/scp-8093,SCP-8093 - Ship of Theseus (But It's Bones!)
/scp-8094,"SCP-8094 - So this is the end, huh?"
/scp-8095,SCP-8095 - Calling out Valentine Grahmly
/scp-8096,SCP-8096 - Witness
/scp-8097,SCP-8097 - Ƿ is for the Ƿaylaid Ƿallflower
/scp-8098,"SCP-8098 - Normal Ammunition Is Boring, Why Not Spice It Up With Different Flavors?"
/scp-8099,SCP-8099 - Fantasi
/scp-8100,SCP-8100 - TURTLE TIME
/scp-8101,SCP-8101 - The Dream Machine
/scp-8102,SCP-8102 - SCP-8102-Y461
/scp-8103,SCP-8103 - The Time Bender
/scp-8104,SCP-8104 - The Return of our Lost Childhood
/scp-8105,SCP-8105 - 105.7 Easy FM
/scp-8106,SCP-8106 - Attempted Murder Monster
/scp-8107,SCP-8107 - Recollective Imprisonment
/scp-8108,SCP-8108 - Foundation Fantasy League
/scp-8109,SCP-8109 - FRIGOPHOBIA: A dish best served cold
/scp-8110,SCP-8110 - Last Men on the Moon
/scp-8111,SCP-8111 - Magic for Liars
/scp-8112,SCP-8112 - I'M WITH STUPID ->
/scp-8113,SCP-8113 - our blooming rot.
/scp-8114,SCP-8114 - H e a v Y
/scp-8115,SCP-8115 - Distant Memories
/scp-8116,SCP-8116 - PickLock
/scp-8117,SCP-8117 - False Pope
/scp-8118,SCP-8118 - everything is fine
/scp-8119,SCP-8119 - Lies Behind the Lens
/scp-8120,SCP-8120 - Bloodbound
/scp-8121,SCP-8121 - Mirror Madness
/scp-8122,SCP-8122 - Time Speck
/scp-8123,SCP-8123 - Autophobia: String Section
/scp-8124,SCP-8124 - The Boots
/scp-8125,SCP-8125 - Narrativic Fragments
/scp-8126,SCP-8126 - [ACCESS DENIED]
/scp-8127,SCP-8127 - [ACCESS DENIED]
/scp-8128,SCP-8128 - Would you rather?
/scp-8129,SCP-8129 - [ACCESS DENIED]
/scp-8130,SCP-8130 - Down Here In The Deep Black Ocean
/scp-8131,SCP-8131 - You Have Treated Me With Contempt
/scp-8132,SCP-8132 - ViKarious ToMe™
/scp-8133,SCP-8133 - Delivery Nightmare
/scp-8134,SCP-8134 - This cats the hottest pet around!
/scp-8135,SCP-8135 - [ACCESS DENIED]
/scp-8136,SCP-8136 - Hyper Cola
/scp-8137,SCP-8137 - Forever-Fresh™
/scp-8138,SCP-8138 - Dead Man Walking
/scp-8139,SCP-8139 - Benson?
/scp-8140,SCP-8140 - Burial Goods
/scp-8141,SCP-8141 - The Sand Witches
/scp-8142,SCP-8142 - A Passing Chimera
/scp-8143,SCP-8143 - [ACCESS DENIED]
/scp-8144,SCP-8144 - Skeletal Limestone
/scp-8145,SCP-8145 - fistula.html
/scp-8146,SCP-8146 - Twitch Subs For The Master!
/scp-8147,SCP-8147 - Worldbuilder
/scp-8148,SCP-8148 - Dr. Silvian King's Resume.
/scp-8149,SCP-8149 - [ACCESS DENIED]
/scp-8150,SCP-8150 - Dust Mother
/scp-8151,SCP-8151 - [ACCESS DENIED]
/scp-8152,SCP-8152 - DinoDojo by Dr. Wondertainment
/scp-8153,SCP-8153 - [ACCESS DENIED]
/scp-8154,SCP-8154 - [ACCESS DENIED]
/scp-8155,SCP-8155 - Maternal Abatement
/scp-8156,SCP-8156 - We All Go Down to Deep Sea
/scp-8157,SCP-8157 - [ACCESS DENIED]
/scp-8158,SCP-8158 - [ACCESS DENIED]
/scp-8159,SCP-8159 - [ACCESS DENIED]
/scp-8160,SCP-8160 - Athazagoraphobia: And the Earth Keeps Spinning.
/scp-8161,SCP-8161 - [ACCESS DENIED]
/scp-8162,SCP-8162 - “One more push-up a night”
/scp-8163,SCP-8163 - Papino's Pizza Delivery Bike
/scp-8164,SCP-8164 - [ACCESS DENIED]
/scp-8165,SCP-8165 - [ACCESS DENIED]
/scp-8166,SCP-8166 - Eastward of Eden
/scp-8167,SCP-8167 - Hades Shade
/scp-8168,SCP-8168 - [ACCESS DENIED]
/scp-8169,SCP-8169 - Arachnophilia
/scp-8170,SCP-8170 - Mind Controlling Plant
/scp-8171,SCP-8171 - The Pied Piper Of Hamelin
/scp-8172,SCP-8172 - [ACCESS DENIED]
/scp-8173,SCP-8173 - Ms. Harrier Is Not Anomalous
/scp-8174,SCP-8174 - [ACCESS DENIED]
/scp-8175,SCP-8175 - [ACCESS DENIED]
/scp-8176,SCP-276-ARC - Foundation of '76
/scp-8177,SCP-8177 - [ACCESS DENIED]
/scp-8178,SCP-8178 - [ACCESS DENIED]
/scp-8179,SCP-8179 - [ACCESS DENIED]
/scp-8180,SCP-8180 - MALPLATFORMATION
/scp-8181,SCP-8181 - The Real World
/scp-8182,SCP-8182 - [ACCESS DENIED]
/scp-8183,SCP-8183 - [ACCESS DENIED]
/scp-8184,SCP-8184 - Backpedal: A Pseudogenesis Production
/scp-8185,SCP-8185 - Raccaccoonie
/scp-8186,"SCP-8186 - Everyrock, Everywhere, All At Once"
/scp-8187,SCP-8187 - [ACCESS DENIED]
/scp-8188,SCP-8188 - [ACCESS DENIED]
/scp-8189,SCP-8189 - The Well of Life
/scp-8190,SCP-8190 - DEPARTMENTALIZED
/scp-8191,SCP-8191 - [ACCESS DENIED]
/scp-8192,SCP-8192 - Happily Ever After
/scp-8193,SCP-8193 - As the Bombs Began to Fall
/scp-8194,SCP-8194 - [ACCESS DENIED]
/scp-8195,SCP-8195 - Alex Thorley Gets Away With It
/scp-8196,SCP-8196 - [ACCESS DENIED]
/scp-8197,SCP-8197 - [ACCESS DENIED]
/scp-8198,SCP-8198 - [ACCESS DENIED]
/scp-8199,SCP-8199 - Dreamcrumbs
/scp-8200,SCP-8200 - The Phantom Sea
/scp-8201,SCP-8201 - Eschatophobia: The Only Way Out
/scp-8202,SCP-8202 - Enemies from Within
/scp-8203,SCP-8203 - [ACCESS DENIED]
/scp-8204,SCP-8204 - [ACCESS DENIED]
/scp-8205,SCP-8205 - [ACCESS DENIED]
/scp-8206,SCP-8206 - The Phono
/scp-8207,SCP-8207 - [ACCESS DENIED]
/scp-8208,SCP-8208 - [ACCESS DENIED]
/scp-8209,SCP-8209 - Repairing the World
/scp-8210,SCP-8210 - Super Captain-Man
/scp-8211,SCP-8211 - The Faceless Man's Question
/scp-8212,SCP-8212 - Mornings at the Starlight
/scp-8213,SCP-8213 - [ACCESS DENIED]
/scp-8214,SCP-8214 - Expiration Date
/scp-8215,SCP-8215 - [ACCESS DENIED]
/scp-8216,SCP-8216 - [ACCESS DENIED]
/scp-8217,SCP-8217 - Traumatophobia: Better Them Than Us
/scp-8218,SCP-8218 - [ACCESS DENIED]
/scp-8219,SCP-8219 - [ACCESS DENIED]
/scp-8220,SCP-8220 - For Your Birthday
/scp-8221,SCP-8221 - [ACCESS DENIED]
/scp-8222,SCP-8222 - SCP: Panorama
/scp-8223,SCP-8223 - The Bluelizard
/scp-8224,SCP-8224 - [ACCESS DENIED]
/scp-8225,SCP-8225 - The House of All Our Gods
/scp-8226,SCP-8226 - [ACCESS DENIED]
/scp-8227,SCP-8227 - Redemption Machine
/scp-8228,"SCP-8228 - Here's To You, Mrs. Robinson"
/scp-8229,SCP-8229 - [ACCESS DENIED]
/scp-8230,SCP-8230 - [ACCESS DENIED]
/scp-8231,SCP-8231 - Innocence
/scp-8232,SCP-8232 - Likho
/scp-8233,SCP-8233 - Red Rings
/scp-8234,SCP-8234 - [ACCESS DENIED]
/scp-8235,"SCP-8235 - Magic, Unchained"
/scp-8236,SCP-8236 - [ACCESS DENIED]
/scp-8237,SCP-8237 - [ACCESS DENIED]
/scp-8238,SCP-8238 - [ACCESS DENIED]
/scp-8239,SCP-8239 - [ACCESS DENIED]
/scp-8240,SCP-8240 - Centipede Woman
/scp-8241,SCP-8241 - [ACCESS DENIED]
/scp-8242,SCP-8242 - [ACCESS DENIED]
/scp-8243,SCP-8243 - [ACCESS DENIED]
/scp-8244,SCP-8244 - [ACCESS DENIED]
/scp-8245,"SCP-8245 - Anywhere, Anytime, You and Me"
/scp-8246,SCP-8246 - A Nice Old Lady
/scp-8247,"SCP-8247 - Well, she's harmless to me"
/scp-8248,SCP-8248 - Jolly Pumpkin
/scp-8249,"SCP-8249 - Of Agents, Archons, and Adam of the Transient"
/scp-8250,SCP-8250 - Evolution and Darkness
/scp-8251,SCP-8251 - [ACCESS DENIED]
/scp-8252,SCP-8252 - [ACCESS DENIED]
/scp-8253,SCP-8253 - [ACCESS DENIED]
/scp-8254,SCP-8254 - [ACCESS DENIED]
/scp-8255,SCP-8255 - Pentapedal Entity (Unconfirmed)
/scp-8256,SCP-8256 - [ACCESS DENIED]
/scp-8257,SCP-8257 - [ACCESS DENIED]
/scp-8258,SCP-8258 - [ACCESS DENIED]
/scp-8259,SCP-8259 - [ACCESS DENIED]
/scp-8260,SCP-8260 - Warblade MK II
/scp-8261,SCP-8261 - [ACCESS DENIED]
/scp-8262,SCP-8262 - [ACCESS DENIED]
/scp-8263,SCP-8263 - [ACCESS DENIED]
/scp-8264,SCP-8264 - [ACCESS DENIED]
/scp-8265,SCP-8265 - [ACCESS DENIED]
/scp-8266,SCP-8266 - [ACCESS DENIED]
/scp-8267,SCP-8267 - [ACCESS DENIED]
/scp-8268,SCP-8268 - [ACCESS DENIED]
/scp-8269,SCP-8269 - [ACCESS DENIED]
/scp-8270,SCP-8270 - Should I Laugh Or Cry
/scp-8271,SCP-8271 - [ACCESS DENIED]
/scp-8272,SCP-8272 - [ACCESS DENIED]
/scp-8273,SCP-8273 - [ACCESS DENIED]
/scp-8274,SCP-8274 - [ACCESS DENIED]
/scp-8275,SCP-8275 - Long Legs
/scp-8276,SCP-8276 - [ACCESS DENIED]
/scp-8277,SCP-8277 - [ACCESS DENIED]
/scp-8278,SCP-8278 - [ACCESS DENIED]
/scp-8279,SCP-8279 - [ACCESS DENIED]
/scp-8280,SCP-8280 - Slipping Through The Cracks
/scp-8281,SCP-8281 - [ACCESS DENIED]
/scp-8282,SCP-8282 - You Are Now Entering
/scp-8283,SCP-8283 - [ACCESS DENIED]
/scp-8284,SCP-8284 - [ACCESS DENIED]
/scp-8285,SCP-8285 - Strike Him Down
/scp-8286,SCP-8286 - The Lost Mother
/scp-8287,SCP-8287 - [ACCESS DENIED]
/scp-8288,SCP-8288 - [ACCESS DENIED]
/scp-8289,SCP-8289 - [ACCESS DENIED]
/scp-8290,SCP-8290 - [ACCESS DENIED]
/scp-8291,SCP-8291 - [ACCESS DENIED]
/scp-8292,SCP-8292 - [ACCESS DENIED]
/scp-8293,SCP-8293 - [ACCESS DENIED]
/scp-8294,SCP-8294 - [ACCESS DENIED]
/scp-8295,SCP-8295 - [ACCESS DENIED]
/scp-8296,SCP-8296 - [ACCESS DENIED]
/scp-8297,SCP-8297 - Snuffed Out
/scp-8298,SCP-8298 - [ACCESS DENIED]
/scp-8299,SCP-8299 - TRUE NORTH STRONG AND FREE
/scp-8300,"SCP-8300 - The Farewell, The Frame"
/scp-8301,SCP-8301 - [ACCESS DENIED]
/scp-8302,SCP-8302 - Dream Sweet in Sea Major
/scp-8303,SCP-8303 - [ACCESS DENIED]
/scp-8304,SCP-8304 - [ACCESS DENIED]
/scp-8305,SCP-8305 - [ACCESS DENIED]
/scp-8306,SCP-8306 - [ACCESS DENIED]
/scp-8307,SCP-8307 - [ACCESS DENIED]
/scp-8308,SCP-8308 - To Bite One's Thumb
/scp-8309,SCP-8309 - [ACCESS DENIED]
/scp-8310,SCP-8310 - Macbetholotl
/scp-8311,SCP-8311 - [ACCESS DENIED]
/scp-8312,SCP-8312 - [ACCESS DENIED]
/scp-8313,SCP-8313 - [ACCESS DENIED]
/scp-8314,SCP-8314 - [ACCESS DENIED]
/scp-8315,SCP-8315 - [ACCESS DENIED]
/scp-8316,SCP-8316 - Memorium
/scp-8317,SCP-8317 - Nothing of Value
/scp-8318,SCP-8318 - [ACCESS DENIED]
/scp-8319,"SCP-8319 - Su-Girl Pills! Your life will be sugar spice, and everything nice!"
/scp-8320,SCP-8320 - Seven Hundred Million Wizards
/scp-8321,SCP-8321 - [ACCESS DENIED]
/scp-8322,SCP-8322 - [ACCESS DENIED]
/scp-8323,SCP-8323 - [ACCESS DENIED]
/scp-8324,SCP-8324 - [ACCESS DENIED]
/scp-8325,SCP-8325 - [ACCESS DENIED]
/scp-8326,SCP-8326 - [ACCESS DENIED]
/scp-8327,SCP-8327 - I Dream of the Sea
/scp-8328,SCP-8328 - [ACCESS DENIED]
/scp-8329,SCP-8329 - The change is wrong…
/scp-8330,SCP-8330 - One for the history books
/scp-8331,SCP-8331 - [ACCESS DENIED]
/scp-8332,SCP-8332 - How much could an hour cost?
/scp-8333,SCP-8333 - Wishweavers
/scp-8334,SCP-8334 - [ACCESS DENIED]
/scp-8335,SCP-8335 - b
/scp-8336,SCP-8336 - [ACCESS DENIED]
/scp-8337,SCP-8337 - [ACCESS DENIED]
/scp-8338,SCP-8338 - I'm president of the United States. And I'm not gonna eat any more broccoli!
/scp-8339,SCP-8339 - Photophobia: Live in the Dark. Die in the Light.
/scp-8340,SCP-8340 - The Root of Reality
/scp-8341,SCP-8341 - [ACCESS DENIED]
/scp-8342,SCP-8342 - [ACCESS DENIED]
/scp-8343,SCP-8343 - Slaying the Demiurge
/scp-8344,SCP-8344 - [ACCESS DENIED]
/scp-8345,SCP-8345 - [ACCESS DENIED]
/scp-8346,SCP-8346 - [ACCESS DENIED]
/scp-8347,SCP-8347 - [ACCESS DENIED]
/scp-8348,SCP-8348 - [ACCESS DENIED]
/scp-8349,SCP-8349 - [ACCESS DENIED]
/scp-8350,SCP-8350 - Public Affairs
/scp-8351,SCP-8351 - [ACCESS DENIED]
/scp-8352,SCP-8352 - [ACCESS DENIED]
/scp-8353,SCP-8353 - [ACCESS DENIED]
/scp-8354,SCP-8354 - [ACCESS DENIED]
/scp-8355,SCP-8355 - [ACCESS DENIED]
/scp-8356,SCP-8356 - [ACCESS DENIED]
/scp-8357,"SCP-8357 - head, figurine"
/scp-8358,SCP-8358 - [ACCESS DENIED]
/scp-8359,SCP-8359 - 3AM
/scp-8360,SCP-8360 - [ACCESS DENIED]
/scp-8361,SCP-8361 - [ACCESS DENIED]
/scp-8362,SCP-8362 - A Plane of grass statues
/scp-8363,SCP-8363 - [ACCESS DENIED]
/scp-8364,SCP-8364 - [ACCESS DENIED]
/scp-8365,SCP-8365 - [ACCESS DENIED]
/scp-8366,SCP-8366 - [ACCESS DENIED]
/scp-8367,SCP-8367 - [ACCESS DENIED]
/scp-8368,SCP-8368 - [ACCESS DENIED]
/scp-8369,SCP-8369 - [ACCESS DENIED]
/scp-8370,SCP-8370 - [ACCESS DENIED]
/scp-8371,SCP-8371 - [ACCESS DENIED]
/scp-8372,SCP-8372 - Ashes of Eternity
/scp-8373,SCP-8373 - [ACCESS DENIED]
/scp-8374,SCP-8374 - [ACCESS DENIED]
/scp-8375,SCP-8375 - [ACCESS DENIED]
/scp-8376,SCP-8376 - [ACCESS DENIED]
/scp-8377,SCP-8377 - [ACCESS DENIED]?
/scp-8378,SCP-8378 - [ACCESS DENIED]
/scp-8379,SCP-8379 - [ACCESS DENIED]
/scp-8380,SCP-8380 - Aquaphobia: Surface Tension
/scp-8381,SCP-8381 - [ACCESS DENIED]
/scp-8382,SCP-8382 - [ACCESS DENIED]
/scp-8383,SCP-8383 - The Tangible and Intangible Cultural Heritage of the Saint Sophia Christians
/scp-8384,SCP-8384 - [ACCESS DENIED]
/scp-8385,SCP-8385 - AirDodo
/scp-8386,"SCP-8386 - To Us, Our Forever Story"
/scp-8387,SCP-8387 - [ACCESS DENIED]
/scp-8388,SCP-8388 - From understanding comes cooperation.
/scp-8389,SCP-8389 - [ACCESS DENIED]
/scp-8390,SCP-8390 - A Better View
/scp-8391,SCP-8391 - [ACCESS DENIED]
/scp-8392,SCP-8392 - [ACCESS DENIED]
/scp-8393,SCP-8393 - A Monkey Tourguide
/scp-8394,SCP-8394 - [ACCESS DENIED]
/scp-8395,SCP-8395 - [ACCESS DENIED]
/scp-8396,SCP-8396 - [ACCESS DENIED]
/scp-8397,SCP-8397 - [ACCESS DENIED]
/scp-8398,SCP-8398 - [ACCESS DENIED]
/scp-8399,SCP-8399 - INSURGENCE
/scp-8400,SCP-8400 - The Birch Knight and the Game of Three Chestnuts
/scp-8401,SCP-8401 - Does it hurt when I do this?
/scp-8402,SCP-8402 - [ACCESS DENIED]
/scp-8403,SCP-8403 - [ACCESS DENIED]
/scp-8404,SCP-8404 - That One Time The Foundation Attempted To Use SIMULACRUM Technology To Contain A Keter-Class Entity In Another World
/scp-8405,SCP-8405 - Sin Wants to Retire
/scp-8406,SCP-8406 - [ACCESS DENIED]
/scp-8407,SCP-8407 - [ACCESS DENIED]
/scp-8408,SCP-8408 - The Cuckoo's Egg
/scp-8409,SCP-8409 - [ACCESS DENIED]
/scp-8410,SCP-8410 - When Dreams Come True
/scp-8411,SCP-8411 - Missing
/scp-8412,SCP-8412 - [ACCESS DENIED]
/scp-8413,"SCP-8413 - Ashes to Ashes, Dust to Dust, 9 to 5"
/scp-8414,SCP-8414 - [ACCESS DENIED]
/scp-8415,SCP-8415 - [ACCESS DENIED]
/scp-8416,SCP-8416 - The Howling Face's Hiding Places
/scp-8417,SCP-8417 - [ACCESS DENIED]
/scp-8418,SCP-8418 - [ACCESS DENIED]
/scp-8419,SCP-8419 - Nightmare Blunt Force Immolation
/scp-8420,"SCP-8420 - THE WIZARD II (Also Known as Wizard Reborn 2, Swann Fever, Ballad of Swann Lake, Electric Avenue, Fantasia 2000, the Reckoning, Revenge of the Dumbass, Tokyo Drift, A Bad Case Of Redeye, Porygon Boogaloo, Shadow Wizard Money Gang, This Time it's Personnel, The Warlock War, The Sorcerer's Sequel, An Exercise In Self Indulgence, Wizard Harder: Return of the Rise of the Revenge of the Planet of the Wizard, Etc.)"
/scp-8421,SCP-8421 - Ruler of Everything
/scp-8422,SCP-8422 - [ACCESS DENIED]
/scp-8423,SCP-8423 - The Genius Plague
/scp-8424,SCP-8424 - DO NOT LOOK DIRECTLY AT A SOLAR ECLIPSE
/scp-8425,SCP-8425 - STARFALL
/scp-8426,SCP-8426 - [ACCESS DENIED]
/scp-8427,SCP-8427 - [ACCESS DENIED]
/scp-8428,SCP-8428 - [ACCESS DENIED]
/scp-8429,SCP-8429 - [ACCESS DENIED]
/scp-8430,SCP-8430 - Prosophobia: Fulfillment
/scp-8431,SCP-8431 - The Man In Black
/scp-8432,SCP-8432 - [ACCESS DENIED]
/scp-8433,SCP-8433 - [ACCESS DENIED]
/scp-8434,SCP-8434 - [ACCESS DENIED]
/scp-8435,SCP-8435 - The Law Without Land
/scp-8436,SCP-8436 - [ACCESS DENIED]
/scp-8437,SCP-8437 - [ACCESS DENIED]
/scp-8438,SCP-8438 - [ACCESS DENIED]
/scp-8439,SCP-8439 - Non-Essential Personnel
/scp-8440,SCP-8440 - Clear as White
/scp-8441,SCP-8441 - [ACCESS DENIED]
/scp-8442,SCP-8442 - Comfort.exe
/scp-8443,SCP-8443 - American Necrocracy
/scp-8444,SCP-8444 - I'll Be There With You
/scp-8445,SCP-8445 - The Films of Albrecht Sofer
/scp-8446,SCP-8446 - [ACCESS DENIED]
/scp-8447,SCP-8447 - What are we doing?
/scp-8448,SCP-8448 - Trapped Like a Fly.
/scp-8449,SCP-8449 - [ACCESS DENIED]
/scp-8450,SCP-8450 - All vinegar comes from wine.
/scp-8451,SCP-8451 - To Break the Pots and Sink the Ships
/scp-8452,SCP-8452 - [ACCESS DENIED]
/scp-8453,SCP-8453 - [ACCESS DENIED]
/scp-8454,SCP-8454 - [ACCESS DENIED]
/scp-8455,SCP-8455 - [ACCESS DENIED]
/scp-8456,SCP-8456 - [ACCESS DENIED]
/scp-8457,"SCP-8457 - That time I, a Foundation Agent, was abducted into another world at war with mine."
/scp-8458,SCP-8458 - [ACCESS DENIED]
/scp-8459,SCP-8459 - [ACCESS DENIED]
/scp-8460,SCP-8460 - [ACCESS DENIED]
/scp-8461,SCP-8461 - [ACCESS DENIED]
/scp-8462,SCP-8462 - [ACCESS DENIED]
/scp-8463,SCP-8463 - [ACCESS DENIED]
/scp-8464,SCP-8464 - [ACCESS DENIED]
/scp-8465,SCP-8465 - Eisoptrophobia: Blackdot
/scp-8466,SCP-8466 - [ACCESS DENIED]
/scp-8467,SCP-8467 - [ACCESS DENIED]
/scp-8468,SCP-8468 - [ACCESS DENIED]
/scp-8469,SCP-8469 - Justice was Blind
/scp-8470,SCP-8470 - Combust Out The Cake!
/scp-8471,VNP-8471 - Return of the Summer Court
/scp-8472,SCP-8472 - [ACCESS DENIED]
/scp-8473,SCP-8473 - [ACCESS DENIED]
/scp-8474,SCP-8474 - AN EVENING WITH ANNA FABULOUS // SECOND COMING
/scp-8475,SCP-8475 - [ACCESS DENIED]
/scp-8476,SCP-8476 - [ACCESS DENIED]
/scp-8477,SCP-8477 - [ACCESS DENIED]
/scp-8478,SCP-8478 - SENSE: A Pseudogenesis Production
/scp-8479,SCP-8479 - [ACCESS DENIED]
/scp-8480,SCP-8480 - Onuxophobia: Maladaptive Autocannibalism
/scp-8481,SCP-8481 - [ACCESS DENIED]
/scp-8482,SCP-8482 - [ACCESS DENIED]
/scp-8483,SCP-8483 - [ACCESS DENIED]
/scp-8484,SCP-8484 - Acheron
/scp-8485,SCP-8485 - Noise Complaint
/scp-8486,SCP-8486 - [ACCESS DENIED]
/scp-8487,SCP-8487 - [ACCESS DENIED]
/scp-8488,SCP-8488 - Make Any Day Your Birthday!
/scp-8489,SCP-8489 - [ACCESS DENIED]
/scp-8490,SCP-8490 - [ACCESS DENIED]
/scp-8491,SCP-8491 - [ACCESS DENIED]
/scp-8492,SCP-8492 - [ACCESS DENIED]
/scp-8493,SCP-8493 - [ACCESS DENIED]
/scp-8494,SCP-8494 - [ACCESS DENIED]
/scp-8495,SCP-8495 - Meditate With The Frog!
/scp-8496,SCP-8496 - [ACCESS DENIED]
/scp-8497,SCP-8497 - [ACCESS DENIED]
/scp-8498,SCP-8498 - [ACCESS DENIED]
/scp-8499,SCP-8499 - Echoes of the Barren and Broken
/scp-8500,SCP-8500 - WTH_LUV_FRM_ADA.zip
/scp-8501,SCP-8501 - Truck-Kun
/scp-8502,SCP-8502 - [ACCESS DENIED]
/scp-8503,SCP-8503 - [ACCESS DENIED]
/scp-8504,SCP-8504 - One day I'll find you
/scp-8505,SCP-8505 - [ACCESS DENIED]
/scp-8506,SCP-8506 - [ACCESS DENIED]
/scp-8507,SCP-8507 - You Must be This Tall… To Die!
/scp-8508,SCP-8508 - [ACCESS DENIED]
/scp-8509,SCP-8509 - [ACCESS DENIED]
/scp-8510,SCP-8510 - [ACCESS DENIED]
/scp-8511,SCP-8511 - [ACCESS DENIED]
/scp-8512,SCP-8512 - Hidden Truth
/scp-8513,SCP-8513 - [ACCESS DENIED]
/scp-8514,SCP-8514 - [ACCESS DENIED]
/scp-8515,SCP-8515 - [ACCESS DENIED]
/scp-8516,SCP-8516 - [ACCESS DENIED]
/scp-8517,SCP-8517 - [ACCESS DENIED]
/scp-8518,SCP-8518 - [ACCESS DENIED]
/scp-8519,SCP-8519 - What the leader says
/scp-8520,SCP-8520 - SELENOPHOBIA: An Empty Reflection
/scp-8521,SCP-8521 - [ACCESS DENIED]
/scp-8522,SCP-8522 - [ACCESS DENIED]
/scp-8523,SCP-8523 - [ACCESS DENIED]
/scp-8524,SCP-8524 - [ACCESS DENIED]
/scp-8525,SCP-8525 - [ACCESS DENIED]
/scp-8526,SCP-8526 - [ACCESS DENIED]
/scp-8527,SCP-8527 - [ACCESS DENIED]
/scp-8528,SCP-8528 - [ACCESS DENIED]
/scp-8529,SCP-8529 - [ACCESS DENIED]
/scp-8530,SCP-8530 - [ACCESS DENIED]
/scp-8531,SCP-8531 - [ACCESS DENIED]
/scp-8532,SCP-8532 - [ACCESS DENIED]
/scp-8533,SCP-8533 - [ACCESS DENIED]
/scp-8534,SCP-8534 - [ACCESS DENIED]
/scp-8535,SCP-8535 - Christmas Trauma
/scp-8536,SCP-8536 - [ACCESS DENIED]
/scp-8537,SCP-8537 - [ACCESS DENIED]
/scp-8538,SCP-8538 - [ACCESS DENIED]
/scp-8539,SCP-8539 - [ACCESS DENIED]
/scp-8540,SCP-8540 - [ACCESS DENIED]
/scp-8541,SCP-8541 - Affordable Healthcare Actor
/scp-8542,SCP-8542 - [ACCESS DENIED]
/scp-8543,SCP-8543 - [ACCESS DENIED]
/scp-8544,SCP-8544 - [ACCESS DENIED]
/scp-8545,SCP-8545 - [ACCESS DENIED]
/scp-8546,SCP-8546 - [ACCESS DENIED]
/scp-8547,SCP-8547 - [ACCESS DENIED]
/scp-8548,SCP-8548 - [ACCESS DENIED]
/scp-8549,SCP-8549 - [ACCESS DENIED]
/scp-8550,SCP-8550 - Microbial Murder
/scp-8551,SCP-8551 - [ACCESS DENIED]
/scp-8552,SCP-8552 - [ACCESS DENIED]
/scp-8553,SCP-8553 - [ACCESS DENIED]
/scp-8554,SCP-8554 - [ACCESS DENIED]
/scp-8555,SCP-8555 - Kaleidoscope
/scp-8556,SCP-8556 - [ACCESS DENIED]
/scp-8557,SCP-8557 - [ACCESS DENIED]
/scp-8558,SCP-8558 - Hedonophobia: Carnal Rotting
/scp-8559,SCP-8559 - [ACCESS DENIED]
/scp-8560,SCP-8560 - [ACCESS DENIED]
/scp-8561,SCP-8561 - [ACCESS DENIED]
/scp-8562,SCP-8562 - [ACCESS DENIED]
/scp-8563,SCP-8563 - [ACCESS DENIED]
/scp-8564,SCP-8564 - [ACCESS DENIED]
/scp-8565,SCP-8565 - [ACCESS DENIED]
/scp-8566,SCP-8566 - [ACCESS DENIED]
/scp-8567,SCP-8567 - [ACCESS DENIED]
/scp-8568,SCP-8568 - [ACCESS DENIED]
/scp-8569,SCP-8569 - [ACCESS DENIED]
/scp-8570,SCP-8570 - [ACCESS DENIED]
/scp-8571,SCP-8571 - [ACCESS DENIED]
/scp-8572,SCP-8572 - [ACCESS DENIED]
/scp-8573,SCP-8573 - [ACCESS DENIED]
/scp-8574,SCP-8574 - [ACCESS DENIED]
/scp-8575,SCP-8575 - [ACCESS DENIED]
/scp-8576,SCP-8576 - [ACCESS DENIED]
/scp-8577,SCP-8577 - [ACCESS DENIED]
/scp-8578,SCP-8578 - [ACCESS DENIED]
/scp-8579,SCP-8579 - A Pattern That Screamed
/scp-8580,SCP-8580 - Irritation
/scp-8581,SCP-8581 - [ACCESS DENIED]
/scp-8582,SCP-8582 - [ACCESS DENIED]
/scp-8583,SCP-8583 - [ACCESS DENIED]
/scp-8584,SCP-8584 - [ACCESS DENIED]
/scp-8585,SCP-8585 - A Setting Sun
/scp-8586,SCP-8586 - [ACCESS DENIED]
/scp-8587,SCP-8587 - [ACCESS DENIED]
/scp-8588,SCP-8588 - [ACCESS DENIED]
/scp-8589,SCP-8589 - [ACCESS DENIED]
/scp-8590,SCP-8590 - Dale
/scp-8591,SCP-8591 - Alex Thorley Doesn’t Get Away With It
/scp-8592,SCP-8592 - The Department Department
/scp-8593,SCP-8593 - Pasta With Fazool
/scp-8594,SCP-8594 - Leaves From the Vine
/scp-8595,SCP-8595 - Everyone's a Critic
/scp-8596,SCP-8596 - Scopophobia: The Employee of the Month
/scp-8597,"SCP-8597 - your month, your guy"
/scp-8598,SCP-8598 - The Sharpshooter
/scp-8599,SCP-8599 - Your Fate is Sealed
/scp-8600,SCP-8600 - The Hall of the Empresses
/scp-8601,SCP-8601 - Null Island
/scp-8602,SCP-8602 - [ACCESS DENIED]
/scp-8603,SCP-8603 - [ACCESS DENIED]
/scp-8604,SCP-8604 - Fluffy
/scp-8605,SCP-8605 - [ACCESS DENIED]
/scp-8606,SCP-8606 - The Buxatihedron
/scp-8607,SCP-8607 - Pistanthrophobia: Lucy's House
/scp-8608,SCP-8608 - [ACCESS DENIED]
/scp-8609,SCP-8609 - [ACCESS DENIED]
/scp-8610,SCP-8610 - [ACCESS DENIED]
/scp-8611,SCP-8611 - [ACCESS DENIED]
/scp-8612,SCP-8612 - [ACCESS DENIED]
/scp-8613,SCP-8613 - [ACCESS DENIED]
/scp-8614,SCP-8614 - [ACCESS DENIED]
/scp-8615,SCP-8615 - [ACCESS DENIED]
/scp-8616,SCP-8616 - [ACCESS DENIED]
/scp-8617,SCP-8617 - [ACCESS DENIED]
/scp-8618,SCP-8618 - [ACCESS DENIED]
/scp-8619,SCP-8619 - I Know You Have It In You
/scp-8620,SCP-8620 - [ACCESS DENIED]
/scp-8621,SCP-8621 - [ACCESS DENIED]
/scp-8622,SCP-8622 - [ACCESS DENIED]
/scp-8623,SCP-8623 - The Sun Never Sets
/scp-8624,SCP-8624 - [ACCESS DENIED]
/scp-8625,SCP-8625 - [ACCESS DENIED]
/scp-8626,SCP-8626 - [ACCESS DENIED]
/scp-8627,SCP-8627 - [ACCESS DENIED]
/scp-8628,SCP-8628 - [ACCESS DENIED]
/scp-8629,SCP-8629 - [ACCESS DENIED]
/scp-8630,SCP-8630 - Pin the Dart on the Donkey
/scp-8631,SCP-8631 - [ACCESS DENIED]
/scp-8632,SCP-8632 - [ACCESS DENIED]
/scp-8633,SCP-8633 - [ACCESS DENIED]
/scp-8634,SCP-8634 - [ACCESS DENIED]
/scp-8635,SCP-8635 - [ACCESS DENIED]
/scp-8636,SCP-8636 - [ACCESS DENIED]
/scp-8637,SCP-8637 - [ACCESS DENIED]
/scp-8638,SCP-8638 - [ACCESS DENIED]
/scp-8639,SCP-8639 - [ACCESS DENIED]
/scp-8640,SCP-8640 - [ACCESS DENIED]
/scp-8641,SCP-8641 - [ACCESS DENIED]
/scp-8642,SCP-8642 - D.E.A.D.E.N.D.
/scp-8643,SCP-8643 - [ACCESS DENIED]
/scp-8644,SCP-8644 - [ACCESS DENIED]
/scp-8645,SCP-8645 - [ACCESS DENIED]
/scp-8646,SCP-8646 - [ACCESS DENIED]
/scp-8647,SCP-8647 - [ACCESS DENIED]
/scp-8648,SCP-8648 - [ACCESS DENIED]
/scp-8649,SCP-8649 - Covert Operations
/scp-8650,SCP-8650 - Mystery Science Theater 6500
/scp-8651,SCP-8651 - [ACCESS DENIED]
/scp-8652,SCP-8652 - [ACCESS DENIED]
/scp-8653,SCP-8653 - [ACCESS DENIED]
/scp-8654,SCP-8654 - Acrophobia: Up Is Down
/scp-8655,SCP-8655 - Multiversal Chatroom Hookup
/scp-8656,SCP-8656 - Serving Culinary Pleasures
/scp-8657,SCP-8657 - [ACCESS DENIED]
/scp-8658,SCP-8658 - [ACCESS DENIED]
/scp-8659,SCP-8659 - Broken Colossus
/scp-8660,SCP-8660 - You Will Cry Tears Of Blood
/scp-8661,SCP-8661 - [ACCESS DENIED]
/scp-8662,SCP-8662 - The Car Full of Peanut Butter
/scp-8663,SCP-8663 - Footprints on the Ceiling
/scp-8664,SCP-8664 - [ACCESS DENIED]
/scp-8665,SCP-8665 - [ACCESS DENIED]
/scp-8666,SCP-8666 - Roig's Red Death
/scp-8667,SCP-8667 - [ACCESS DENIED]
/scp-8668,"SCP-8668 - Legally Speaking, a Good Girl"
/scp-8669,SCP-8669 - [ACCESS DENIED]
/scp-8670,SCP-8670 - [ACCESS DENIED]
/scp-8671,SCP-8671 - [ACCESS DENIED]
/scp-8672,SCP-8672 - [ACCESS DENIED]
/scp-8673,SCP-8673 - [ACCESS DENIED]
/scp-8674,SCP-8674 - [ACCESS DENIED]
/scp-8675,SCP-8675 - [ACCESS DENIED]
/scp-8676,SCP-8676 - [ACCESS DENIED]
/scp-8677,SCP-8677 - [ACCESS DENIED]
/scp-8678,SCP-8678 - [ACCESS DENIED]
/scp-8679,SCP-8679 - [ACCESS DENIED]
/scp-8680,SCP-8680 - [ACCESS DENIED]
/scp-8681,SCP-8681 - [ACCESS DENIED]
/scp-8682,SCP-8682 - Catastromancy
/scp-8683,SCP-8683 - [ACCESS DENIED]
/scp-8684,SCP-8684 - [ACCESS DENIED]
/scp-8685,SCP-8685 - Sign Today To Have Your Grandpa's Organs Harvested!
/scp-8686,SCP-8686 - Best Days Of Our Lives: A Pseudogenesis Production
/scp-8687,SCP-8687 - [ACCESS DENIED]
/scp-8688,SCP-8688 - Memory Leak
/scp-8689,SCP-8689 - [ACCESS DENIED]
/scp-8690,SCP-8690 - [ACCESS DENIED]
/scp-8691,SCP-8691 - [ACCESS DENIED]
/scp-8692,SCP-8692 - Hell's Coming With Me
/scp-8693,SCP-8693 - [ACCESS DENIED]
/scp-8694,SCP-8694 - [ACCESS DENIED]
/scp-8695,SCP-8695 - [ACCESS DENIED]
/scp-8696,SCP-8696 - Contagious mass of limbs
/scp-8697,SCP-8697 - [ACCESS DENIED]
/scp-8698,SCP-8698 - The Pub
/scp-8699,SCP-8699 - Every Day I See You Still
/scp-8700,SCP-8700 - In the Court of the Dragon
/scp-8701,SCP-8701 - Jackie And Wilson
/scp-8702,SCP-8702 - [ACCESS DENIED]
/scp-8703,SCP-8703 - The Caretaker
/scp-8704,SCP-8704 - [ACCESS DENIED]
/scp-8705,SCP-8705 - A Mother not quite human
/scp-8706,SCP-8706 - [ACCESS DENIED]
/scp-8707,SCP-8707 - [ACCESS DENIED]
/scp-8708,SCP-8708 - The Dead Memory Mask
/scp-8709,SCP-8709 - Pleroma
/scp-8710,"SCP-8710 - Necrophobia: This Goddess Kills Fascists, The Great Lady of Valencia"
/scp-8711,SCP-8711 - [ACCESS DENIED]
/scp-8712,SCP-8712 - [ACCESS DENIED]
/scp-8713,SCP-8713 - [ACCESS DENIED]
/scp-8714,SCP-8714 - [ACCESS DENIED]
/scp-8715,SCP-8715 - [ACCESS DENIED]
/scp-8716,SCP-8716 - [ACCESS DENIED]
/scp-8717,"SCP-8717 - Libra, Equilibrium in Hand"
/scp-8718,SCP-8718 - [ACCESS DENIED]
/scp-8719,SCP-8719 - [ACCESS DENIED]
/scp-8720,SCP-8720 - [ACCESS DENIED]
/scp-8721,SCP-8721 - [ACCESS DENIED]
/scp-8722,"SCP-8722 - Death, Decay, and Ignorance"
/scp-8723,SCP-8723 - [ACCESS DENIED]
/scp-8724,SCP-8724 - kenophobia: bad vibes forever
/scp-8725,SCP-8725 - [ACCESS DENIED]
/scp-8726,"SCP-8726 - Researcher James, Age 6, Eternally"
/scp-8727,SCP-8727 - [ACCESS DENIED]
/scp-8728,SCP-8728 - [ACCESS DENIED]
/scp-8729,SCP-8729 - [ACCESS DENIED]
/scp-8730,SCP-8730 - [ACCESS DENIED]
/scp-8731,SCP-8731 - [ACCESS DENIED]
/scp-8732,"SCP-8732 - Safe, Hargrove, Home."
/scp-8733,SCP-8733 - [ACCESS DENIED]
/scp-8734,SCP-8734 - [ACCESS DENIED]
/scp-8735,SCP-8735 - [ACCESS DENIED]
/scp-8736,SCP-8736 - [ACCESS DENIED]
/scp-8737,SCP-8737 - [ACCESS DENIED]
/scp-8738,SCP-8738 - [ACCESS DENIED]
/scp-8739,SCP-8739 - The Echoing Voice
/scp-8740,SCP-8740 - The Secret Project: A Pseudogenesis Production
/scp-8741,SCP-8741 - [ACCESS DENIED]
/scp-8742,SCP-8742 - [ACCESS DENIED]
/scp-8743,SCP-8743 - [ACCESS DENIED]
/scp-8744,SCP-8744 - do you feel me now?
/scp-8745,SCP-8745 - [ACCESS DENIED]
/scp-8746,SCP-8746 - [ACCESS DENIED]
/scp-8747,SCP-8747 - R E C T I F I C A T I O N
/scp-8748,SCP-8748 - [ACCESS DENIED]
/scp-8749,SCP-8749 - Mezmerize
/scp-8750,SCP-8750 - Echoes of a Broken Family
/scp-8751,SCP-8751 - [ACCESS DENIED]
/scp-8752,SCP-8752 - [ACCESS DENIED]
/scp-8753,SCP-8753 - [ACCESS DENIED]
/scp-8754,SCP-8754 - [ACCESS DENIED]
/scp-8755,SCP-8755 - [ACCESS DENIED]
/scp-8756,SCP-8756 - [ACCESS DENIED]
/scp-8757,SCP-8757 - [ACCESS DENIED]
/scp-8758,SCP-8758 - [ACCESS DENIED]
/scp-8759,SCP-8759 - [ACCESS DENIED]
/scp-8760,SCP-8760 - [ACCESS DENIED]
/scp-8761,SCP-8761 - [ACCESS DENIED]
/scp-8762,SCP-8762 - Once Upon This Guy
/scp-8763,SCP-8763 - [ACCESS DENIED]
/scp-8764,SCP-8764 - [ACCESS DENIED]
/scp-8765,SCP-8765 - Desiderium
/scp-8766,SCP-8766 - [ACCESS DENIED]
/scp-8767,SCP-8767 - [ACCESS DENIED]
/scp-8768,SCP-8768 - [ACCESS DENIED]
/scp-8769,SCP-8769 - [ACCESS DENIED]
/scp-8770,SCP-8770 - Submechanophobia: I Miss You
/scp-8771,SCP-8771 - [ACCESS DENIED]
/scp-8772,SCP-8772 - [ACCESS DENIED]
/scp-8773,SCP-8773 - [ACCESS DENIED]
/scp-8774,SCP-8774 - Black Prism
/scp-8775,SCP-8775 - Teenage Lament '76
/scp-8776,SCP-8776 - [ACCESS DENIED]
/scp-8777,SCP-8777 - Snipping the Light Fantastic
/scp-8778,SCP-8778 - The Writing on the Wall
/scp-8779,SCP-8779 - Americans Idel
/scp-8780,SCP-8780 - [ACCESS DENIED]
/scp-8781,SCP-8781 - [ACCESS DENIED]
/scp-8782,SCP-8782 - [ACCESS DENIED]
/scp-8783,SCP-8783 - [ACCESS DENIED]
/scp-8784,SCP-8784 - [ACCESS DENIED]
/scp-8785,SCP-8785 - (IN)EDIBLE HELLFIRE FOR TRUE CHALLENGERS
/scp-8786,SCP-8786 - [ACCESS DENIED]
/scp-8787,SCP-8787 - The Roast Not Taken
/scp-8788,SCP-8788 - Dihydrogen Monoxide
/scp-8789,SCP-8789 - [ACCESS DENIED]
/scp-8790,SCP-8790 - [ACCESS DENIED]
/scp-8791,SCP-8791 - [ACCESS DENIED]
/scp-8792,SCP-8792 - [ACCESS DENIED]
/scp-8793,SCP-8793 - [ACCESS DENIED]
/scp-8794,SCP-8794 - Monster Of The Week
/scp-8795,SCP-8795 - [ACCESS DENIED]
/scp-8796,SCP-8796 - [ACCESS DENIED]
/scp-8797,SCP-8797 - [ACCESS DENIED]
/scp-8798,SCP-8798 - The Old Country
/scp-8799,SCP-8799 - A Book of Kings
/scp-8800,SCP-8800 - Reception
/scp-8801,SCP-8801 - I Do Not Regret My Unreal Time
/scp-8802,SCP-8802 - Oscar the Evangelist
/scp-8803,SCP-8803 - [ACCESS DENIED]
/scp-8804,SCP-8804 - Gouge Away
/scp-8805,SCP-8805 - [ACCESS DENIED]
/scp-8806,SCP-8806 - [ACCESS DENIED]
/scp-8807,SCP-8807 - [ACCESS DENIED]
/scp-8808,SCP-8808 - a room with a view
/scp-8809,SCP-8809 - [ACCESS DENIED]
/scp-8810,SCP-8810 - Gods Be Sued On the Dance Floor
/scp-8811,SCP-8811 - A Touchy Subject
/scp-8812,SCP-8812 - [ACCESS DENIED]
/scp-8813,SCP-8813 - [ACCESS DENIED]
/scp-8814,SCP-8814 - The Racist's Hammer
/scp-8815,SCP-8815 - [ACCESS DENIED]
/scp-8816,SCP-8816 - The Curtains Were (Fucking) Evil
/scp-8817,"SCP-8817 - To You, The World"
/scp-8818,SCP-8818 - It was nothing.
/scp-8819,SCP-8819 - [ACCESS DENIED]
/scp-8820,SCP-8820 - To Kill a Bull Moose
/scp-8821,SCP-8821 - [ACCESS DENIED]
/scp-8822,SCP-8822 - Alethophobia: Headcanon
/scp-8823,SCP-8823 - [ACCESS DENIED]
/scp-8824,SCP-8824 - She Can’t Say No To Toujôurs
/scp-8825,SCP-8825 - [ACCESS DENIED]
/scp-8826,SCP-8826 - [ACCESS DENIED]
/scp-8827,SCP-8827 - [ACCESS DENIED]
/scp-8828,SCP-8828 - [ACCESS DENIED]
/scp-8829,SCP-8829 - [ACCESS DENIED]
/scp-8830,SCP-8830 - [ACCESS DENIED]
/scp-8831,"EXB-08831 - Halloween, Oklahoma"
/scp-8832,SCP-8832 - [ACCESS DENIED]
/scp-8833,SCP-8833 - Nineteen Seventy-Six
/scp-8834,SCP-8834 - [ACCESS DENIED]
/scp-8835,SCP-8835 - [ACCESS DENIED]
/scp-8836,SCP-8836 - [ACCESS DENIED]
/scp-8837,SCP-8837 - [ACCESS DENIED]
/scp-8838,SCP-8838 - [ACCESS DENIED]
/scp-8839,SCP-8839 - [ACCESS DENIED]
/scp-8840,SCP-8840 - Your Last Smoke
/scp-8841,SCP-8841 - [ACCESS DENIED]
/scp-8842,SCP-8842 - [ACCESS DENIED]
/scp-8843,SCP-8843 - A Meaningless Loss of Data
/scp-8844,SCP-8844 - Curse of Khepri
/scp-8845,SCP-8845 - [ACCESS DENIED]
/scp-8846,SCP-8846 - [ACCESS DENIED]
/scp-8847,SCP-8847 - [ACCESS DENIED]
/scp-8848,SCP-8848 - Spacetime Conjugation Coils
/scp-8849,SCP-8849 - [ACCESS DENIED]
/scp-8850,SCP-8850 - Philosophical Zombies
/scp-8851,SCP-8851 - [ACCESS DENIED]
/scp-8852,SCP-8852 - [ACCESS DENIED]
/scp-8853,SCP-8853 - 'Electro'
/scp-8854,SCP-8854 - [ACCESS DENIED]
/scp-8855,SCP-8855 - [ACCESS DENIED]
/scp-8856,SCP-8856 - [ACCESS DENIED]
/scp-8857,SCP-8857 - [ACCESS DENIED]
/scp-8858,SCP-8858 - [ACCESS DENIED]
/scp-8859,SCP-8859 - [ACCESS DENIED]
/scp-8860,SCP-8860 - [ACCESS DENIED]
/scp-8861,SCP-8861 - [ACCESS DENIED]
/scp-8862,SCP-8862 - [ACCESS DENIED]
/scp-8863,SCP-8863 - [ACCESS DENIED]
/scp-8864,SCP-8864 - [ACCESS DENIED]
/scp-8865,SCP-8865 - [ACCESS DENIED]
/scp-8866,SCP-8866 - Locally Sourced
/scp-8867,SCP-8867 - [ACCESS DENIED]
/scp-8868,SCP-8868 - [ACCESS DENIED]
/scp-8869,SCP-8869 - Rhizomatic Murder Victims
/scp-8870,SCP-8870 - The Controversy
/scp-8871,SCP-8871 - [ACCESS DENIED]
/scp-8872,SCP-8872 - [ACCESS DENIED]
/scp-8873,SCP-8873 - [ACCESS DENIED]
/scp-8874,SCP-8874 - [ACCESS DENIED]
/scp-8875,SCP-8875 - [ACCESS DENIED]
/scp-8876,SCP-8876 - Anthropophobia: Killing Floor
/scp-8877,SCP-8877 - When a tree falls…
/scp-8878,SCP-8878 - [ACCESS DENIED]
/scp-8879,SCP-8879 - [ACCESS DENIED]
/scp-8880,"SCP-8880 - Isaac Seder: Son, Warrior, Foe"
/scp-8881,SCP-8881 - It Could Have Been so Different.
/scp-8882,SCP-8882 - [ACCESS DENIED]
/scp-8883,SCP-8883 - You are rotting.
/scp-8884,SCP-8884 - not impersonating gods is KILLING your extortion gains!
/scp-8885,SCP-8885 - Plenty o' Fish 🐟
/scp-8886,SCP-8886 - INRI
/scp-8887,SCP-8887 - I Wish I Could Stay In My Dreams
/scp-8888,SCP-8888 - Eight-Ball
/scp-8889,SCP-8889 - The Wondrous Wedding of William Wallace Wettle
/scp-8890,SCP-8890 - A Hunter's Rising
/scp-8891,SCP-8891 - Nervous Tick
/scp-8892,SCP-8892 - [ACCESS DENIED]
/scp-8893,SCP-8893 - [ACCESS DENIED]
/scp-8894,SCP-8894 - Basophobia: Leap of Faith
/scp-8895,SCP-8895 - [ACCESS DENIED]
/scp-8896,SCP-8896 - [ACCESS DENIED]
/scp-8897,SCP-8897 - [ACCESS DENIED]
/scp-8898,"SCP-8898 - Each Day, I Grow Some More"
/scp-8899,SCP-8899 - There is a Tide
/scp-8900,SCP-8900 - The Hecatomb
/scp-8901,SCP-8901 - Colours of Magic
/scp-8902,SCP-8902 - [ACCESS DENIED]
/scp-8903,SCP-8903 - The Dying Tree
/scp-8904,SCP-8904 - [ACCESS DENIED]
/scp-8905,SCP-8905 - [ACCESS DENIED]
/scp-8906,SCP-8906 - Masklophobia: A Murder Onstage
/scp-8907,SCP-8907 - Imagine
/scp-8908,SCP-8908 - [ACCESS DENIED]
/scp-8909,SCP-8909 - [ACCESS DENIED]
/scp-8910,SCP-8910 - My Happy Place
/scp-8911,SCP-8911 - Site-333 Open Mic Night
/scp-8912,SCP-8912 - [ACCESS DENIED]
/scp-8913,SCP-8913 - [ACCESS DENIED]
/scp-8914,SCP-8914 - Our Four Elemental Dragons
/scp-8915,SCP-8915 - [ACCESS DENIED]
/scp-8916,SCP-8916 - Strangefruit
/scp-8917,SCP-8917 - [ACCESS DENIED]
/scp-8918,SCP-8918 - death was written large everywhere
/scp-8919,SCP-8919 - [ACCESS DENIED]
/scp-8920,SCP-8920 - Predatory Hurricanes
/scp-8921,SCP-8921 - [ACCESS DENIED]
/scp-8922,SCP-8922 - The Curse of Site-BELUGA
/scp-8923,SCP-8923 - [ACCESS DENIED]
/scp-8924,SCP-8924 - [ACCESS DENIED]
/scp-8925,SCP-8925 - My value(s) as an employee
/scp-8926,SCP-8926 - [ACCESS DENIED]
/scp-8927,SCP-8927 - [ACCESS DENIED]
/scp-8928,SCP-8928 - De Ogen
/scp-8929,SCP-8929 - [ACCESS DENIED]
/scp-8930,SCP-8930 - [ACCESS DENIED]
/scp-8931,SCP-8931 - [ACCESS DENIED]
/scp-8932,SCP-8932 - [ACCESS DENIED]
/scp-8933,SCP-8933 - [ACCESS DENIED]
/scp-8934,SCP-8934 - Ommetaphobia: き/Ki is for 刻/Kizami
/scp-8935,SCP-8935 - Tokophobia: The Virgin Birth
/scp-8936,SCP-8936 - [ACCESS DENIED]
/scp-8937,SCP-8937 - [ACCESS DENIED]
/scp-8938,SCP-8938 - [ACCESS DENIED]
/scp-8939,SCP-8939 - [ACCESS DENIED]
/scp-8940,SCP-8940 - Your Last Smoke
/scp-8941,SCP-8941 - [ACCESS DENIED]
/scp-8942,SCP-8942 - [ACCESS DENIED]
/scp-8943,SCP-8943 - [ACCESS DENIED]
/scp-8944,SCP-8944 - [ACCESS DENIED]
/scp-8945,SCP-8945 - One Thousand Temples
/scp-8946,SCP-8946 - [ACCESS DENIED]
/scp-8947,SCP-8947 - [ACCESS DENIED]
/scp-8948,SCP-8948 - [ACCESS DENIED]
/scp-8949,SCP-8949 - [ACCESS DENIED]
/scp-8950,SCP-8950 - Itsy
/scp-8951,SCP-8951 - [ACCESS DENIED]
/scp-8952,SCP-8952 - The Monkey Man
/scp-8953,SCP-8953 - [ACCESS DENIED]
/scp-8954,SCP-8954 - [ACCESS DENIED]
/scp-8955,SCP-8955 - [ACCESS DENIED]
/scp-8956,SCP-8956 - The Watcher of Time
/scp-8957,SCP-8957 - [ACCESS DENIED]
/scp-8958,SCP-8958 - [ACCESS DENIED]
/scp-8959,SCP-8959 - [ACCESS DENIED]
/scp-8960,SCP-8960 - [ACCESS DENIED]
/scp-8961,SCP-8961 - A Heuristic Game of Dungeons and Dragons
/scp-8962,SCP-8962 - [ACCESS DENIED]
/scp-8963,SCP-8963 - Inside Job
/scp-8964,SCP-8964 - [ACCESS DENIED]
/scp-8965,SCP-8965 - [ACCESS DENIED]
/scp-8966,SCP-8966 - The 1960-1969 Temporal Incident
/scp-8967,SCP-8967 - [ACCESS DENIED]
/scp-8968,SCP-8968 - [ACCESS DENIED]
/scp-8969,SCP-8969 - STARSITE: Messages in a Bottle
/scp-8970,SCP-8970 - [ACCESS DENIED]
/scp-8971,SCP-8971 - [ACCESS DENIED]
/scp-8972,SCP-8972 - [ACCESS DENIED]
/scp-8973,SCP-8973 - [ACCESS DENIED]
/scp-8974,SCP-8974 - [ACCESS DENIED]
/scp-8975,SCP-8975 - [ACCESS DENIED]
/scp-8976,SCP-8976 - Diagraphephobia: fragmentation
/scp-8977,SCP-8977 - People of Thūlē
/scp-8978,SCP-8978 - [ACCESS DENIED]
/scp-8979,SCP-8979 - The Eazy Experience
/scp-8980,SCP-8980 - Ergophobia: Without Regards
/scp-8981,SCP-8981 - [ACCESS DENIED]
/scp-8982,SCP-8982 - [ACCESS DENIED]
/scp-8983,SCP-8983 - The Voice of Reason
/scp-8984,SCP-8984 - Something Truly Terrible
/scp-8985,SCP-8985 - Xenocrystalis
/scp-8986,SCP-8986 - Automatonophobia: False Positive
/scp-8987,SCP-8987 - [ACCESS DENIED]
/scp-8988,SCP-8988 - OROGENESIS
/scp-8989,SCP-8989 - Lost & Found
/scp-8990,SCP-8990 - Poor Richard and the King
/scp-8991,SCP-8991 - Make It Count!
/scp-8992,SCP-8992 - Body of Evidence
/scp-8993,SCP-8993 - Embody
/scp-8994,"SCP-8994 - ""Spellsteal"""
/scp-8995,SCP-8995 - Surf's Up
/scp-8996,SCP-8996 - We Three Kings (Of What?)
/scp-8997,SCP-8997 - Infinite Impossibilities
/scp-8998,SCP-8998 - Her Owner
/scp-8999,SCP-8999 - Feeding the Trolls
